Period,Min_Flow,Event Binary Value,SPI_1,Event Binary Value,SPI_3,Event Binary Value,SPI_6,Event Binary Value,SPI_12,Event Binary Value
1989-01,0.375,0,-0.332,0,NA,0,NA,0,NA,0
1989-02,1.789,0,0.628,0,NA,0,NA,0,NA,0
1989-03,2.667,0,-0.398,0,-0.091,0,NA,0,NA,0
1989-04,2.025,0,0.582,0,0.35,0,NA,0,NA,0
1989-05,1.345,0,-2.137,1,-0.411,0,NA,0,NA,0
1989-06,1.08,0,-1.673,1,-0.299,0,-0.135,0,NA,0
1989-07,0.865,0,0,0,-2.477,1,0.245,0,NA,0
1989-08,0.642,0,0,0,-1.673,1,-0.522,0,NA,0
1989-09,0.474,0,-0.903,0,-0.903,0,-0.436,0,NA,0
1989-10,0.682,0,1.591,0,1.455,0,0.916,0,NA,0
1989-11,0.412,0,-0.535,0,0.112,0,0,0,NA,0
1989-12,0.361,0,-0.274,0,-0.248,0,-0.273,0,-0.353,0
1990-01,0.89,0,0.801,0,0.055,0,0.178,0,0.212,0
1990-02,2.409,0,0.206,0,0.179,0,0.154,0,0.006,0
1990-03,1.173,0,-0.372,0,0.424,0,0.055,0,0.014,0
1990-04,1.056,0,0.487,0,-0.008,0,-0.054,0,0.007,0
1990-05,0.904,0,1.172,0,-0.128,0,0.098,0,0.061,0
1990-06,0.637,0,-0.397,0,0.596,0,0.451,0,0.071,0
1990-07,0.521,0,0,0,0.562,0,0.016,0,0.071,0
1990-08,0.409,0,0,0,-0.397,0,-0.178,0,0.071,0
1990-09,0.281,0,-0.032,0,-0.032,0,0.501,0,0.077,0
1990-10,0.204,0,-0.353,0,-0.414,0,-0.224,0,-0.081,0
1990-11,0.207,0,-0.678,0,-0.937,0,-0.964,0,-0.12,0
1990-12,0.366,0,-0.126,0,-0.47,0,-0.486,0,-0.028,0
1991-01,0.107,0,-1.416,1,-0.988,0,-1.08,1,-0.94,0
1991-02,0.11,0,0.096,0,-0.862,0,-1.021,1,-1.09,1
1991-03,0.328,0,0.338,0,-0.794,0,-0.923,0,-0.882,0
1991-04,0.249,0,-1.962,1,-0.049,0,-0.969,0,-1.012,1
1991-05,0.171,0,1.502,0,0.037,0,-0.836,0,-0.992,0
1991-06,0.139,0,-1.899,1,-1.166,1,-0.901,0,-1.01,1
1991-07,0.118,0,0,0,0.497,0,-0.029,0,-1.01,1
1991-08,0.068,0,0,0,-1.899,1,-0.079,0,-1.01,1
1991-09,0.043,0,-0.22,0,-0.22,0,-1.208,1,-1.009,0
1991-10,0.025,0,-1.446,1,-1.538,1,-1.071,1,-1.049,1
1991-11,0.021,0,-0.223,0,-0.79,0,-0.899,0,-1.009,0
1991-12,0.018,0,-1.953,1,-1.778,1,-1.811,1,-1.833,1
1992-01,0.007,1,-1.3,1,-1.862,1,-2.072,1,-1.683,1
1992-02,0,1,-1.54,1,-2.79,1,-2.591,1,-2.499,1
1992-03,0,1,-1.105,1,-2.241,1,-2.711,1,-2.783,1
1992-04,0,1,-1.06,1,-1.765,1,-2.628,1,-2.738,1
1992-05,0,1,-2.097,1,-1.61,1,-3.021,1,-2.847,1
1992-06,0,1,-0.494,0,-1.787,1,-2.361,1,-2.829,1
1992-07,0,1,0,0,-1.582,1,-1.847,1,-2.829,1
1992-08,0,1,0,0,-0.494,0,-1.623,1,-2.829,1
1992-09,0,1,-0.903,0,-0.903,0,-1.869,1,-2.824,1
1992-10,NA,0,-0.001,0,-0.158,0,-0.805,0,-2.643,1
1992-11,0,1,-0.087,0,-0.25,0,-0.303,0,-2.718,1
1992-12,0.008,1,0.981,0,0.795,0,0.783,0,-0.799,0
1993-01,0.21,0,-0.484,0,0.319,0,0.283,0,-0.482,0
1993-02,0.582,0,1.109,0,0.795,0,0.667,0,0.38,0
1993-03,0.45,0,-0.958,0,0.099,0,0.487,0,0.381,0
1993-04,0.284,0,0.359,0,0.638,0,0.511,0,0.444,0
1993-05,0.129,0,-1.24,1,-0.896,0,0.572,0,0.448,0
1993-06,0.082,0,0.308,0,-0.024,0,0.076,0,0.46,0
1993-07,0.117,0,0,0,-0.554,0,0.59,0,0.46,0
1993-08,0.082,0,0,0,0.308,0,-0.848,0,0.46,0
1993-09,0.043,0,0.801,0,0.801,0,0.114,0,0.477,0
1993-10,0.031,0,-0.888,0,-0.659,0,-0.968,0,0.435,0
1993-11,0.031,0,2.084,0,1.944,0,1.896,0,0.932,0
1993-12,0.352,0,-0.004,0,0.624,0,0.638,0,0.396,0
1994-01,0.471,0,0.75,0,0.795,0,0.748,0,0.873,0
1994-02,0.812,0,-1.441,1,-0.196,0,0.281,0,0.08,0
1994-03,0.286,0,-1.48,1,-0.452,0,0.039,0,0.034,0
1994-04,0.21,0,-1.048,1,-1.85,1,0.051,0,-0.035,0
1994-05,0.179,0,-1.12,1,-1.838,1,-0.552,0,-0.033,0
1994-06,0.179,0,-1.791,1,-1.847,1,-0.613,0,-0.059,0
1994-07,0.139,0,0,0,-1.768,1,-1.942,1,-0.059,0
1994-08,0.124,0,0,0,-1.791,1,-1.948,1,-0.059,0
1994-09,0.076,0,-0.236,0,-0.236,0,-1.856,1,-0.075,0
1994-10,0.069,0,1.744,0,1.633,0,1.203,0,0.145,0
1994-11,0.031,0,-2.679,1,-1.121,1,-1.224,1,-0.799,0
1994-12,0.031,0,0.314,0,-0.09,0,-0.107,0,-0.582,0
1995-01,0.139,0,-0.852,0,-0.742,0,-0.569,0,-1.363,1
1995-02,0.056,0,-0.257,0,-0.501,0,-0.721,0,-1.124,1
1995-03,0.047,0,-1.058,1,-1.186,1,-0.895,0,-1.022,1
1995-04,0.061,0,-1.273,1,-0.801,0,-1.156,1,-1.035,1
1995-05,0.052,0,0.984,0,-1.222,1,-0.768,0,-0.978,0
1995-06,0.049,0,-1.794,1,-1.081,1,-1.274,1,-0.98,0
1995-07,0.041,0,0,0,0.05,0,-0.789,0,-0.98,0
1995-08,0.025,0,0,0,-1.794,1,-1.336,1,-0.98,0
1995-09,0.005,1,0.882,0,0.882,0,-0.786,0,-0.954,0
1995-10,0.003,1,0.352,0,0.461,0,0.352,0,-1.106,1
1995-11,0.001,1,-0.237,0,-0.144,0,-0.256,0,-0.805,0
1995-12,0.035,0,-0.457,0,-0.529,0,-0.516,0,-1.306,1
1996-01,0.053,0,0.969,0,0.132,0,0.143,0,-0.285,0
1996-02,3.021,0,0.737,0,0.451,0,0.358,0,0.09,0
1996-03,2.386,0,-1.17,1,0.735,0,0.141,0,0.079,0
1996-04,0.878,0,-0.486,0,0.165,0,0.101,0,0.109,0
1996-05,0.627,0,1.36,0,-0.991,0,0.214,0,0.12,0
1996-06,0.517,0,0.603,0,0.193,0,0.719,0,0.149,0
1996-07,0.389,0,0,0,1.155,0,0.23,0,0.149,0
1996-08,0.316,0,0,0,0.603,0,-0.893,0,0.149,0
1996-09,0.163,0,-0.903,0,-0.903,0,0.037,0,0.129,0
1996-10,0.076,0,-1.753,1,-1.944,1,-0.818,0,0.033,0
1996-11,0.041,0,0.692,0,0.173,0,0.207,0,0.212,0
1996-12,0.278,0,-0.818,0,-0.641,0,-0.67,0,0.093,0
1997-01,0.979,0,1.324,0,0.427,0,0.31,0,0.317,0
1997-02,4.724,0,1.035,0,0.699,0,0.651,0,0.457,0
1997-03,4.039,0,0.459,0,1.458,0,0.673,0,0.662,0
1997-04,3.01,0,1.772,0,1.087,0,0.854,0,0.795,0
1997-05,2.081,0,0.119,0,0.87,0,0.81,0,0.763,0
1997-06,1.188,0,-1.832,1,1.343,0,1.529,0,0.736,0
1997-07,1.026,0,0,0,-0.719,0,1.034,0,0.736,0
1997-08,0.63,0,0,0,-1.832,1,0.757,0,0.736,0
1997-09,0.549,0,1.523,0,1.523,0,1.512,0,0.764,0
1997-10,0.39,0,0.399,0,0.661,0,0.312,0,0.856,0
1997-11,0.18,0,-0.257,0,-0.07,0,-0.184,0,0.711,0
1997-12,0.48,0,-1.252,1,-1.114,1,-1.067,1,0.616,0
1998-01,0.47,0,0.596,0,-0.46,0,-0.432,0,0.188,0
1998-02,1.84,0,-0.699,0,-0.773,0,-0.744,0,-0.566,0
1998-03,1.4,0,0.699,0,0.153,0,-0.609,0,-0.476,0
1998-04,1.27,0,-1.038,1,-0.347,0,-0.682,0,-0.675,0
1998-05,0.76,0,-2.115,1,0.244,0,-0.699,0,-0.702,0
1998-06,0.65,0,-0.397,0,-1.734,1,0.003,0,-0.69,0
1998-07,0.56,0,0,0,-1.505,1,-0.435,0,-0.69,0
1998-08,0.32,0,0,0,-0.397,0,0.188,0,-0.69,0
1998-09,0.22,0,0.348,0,0.348,0,-1.537,1,-0.713,0
1998-10,0.18,0,1.277,0,1.248,0,0.796,0,-0.603,0
1998-11,0.16,0,1.758,0,2.123,0,2.031,0,-0.115,0
1998-12,1.06,0,0.351,0,0.969,0,0.974,0,0.586,0
1999-01,3.04,0,0.821,0,0.92,0,1.021,0,0.675,0
1999-02,7.32,0,0.893,0,0.85,0,1.212,0,1.214,0
1999-03,8.17,0,0.512,0,1.035,0,1.208,0,1.128,0
1999-04,3.82,0,0.007,0,0.796,0,1.118,0,1.168,0
1999-05,2.22,0,-0.547,0,0.336,0,0.837,0,1.174,0
1999-06,1.82,0,-1.585,1,-0.614,0,0.959,0,1.165,0
1999-07,0.37,0,0,0,-1.23,1,0.725,0,1.165,0
1999-08,1.12,0,0,0,-1.585,1,0.228,0,1.165,0
1999-09,0.67,0,-0.903,0,-0.903,0,-0.74,0,1.152,0
1999-10,0.56,0,0.684,0,0.536,0,0.046,0,1.101,0
1999-11,0.5,0,0.574,0,0.671,0,0.556,0,0.874,0
1999-12,0.33,0,-0.48,0,-0.198,0,-0.222,0,0.523,0
2000-01,0.74,0,0.585,0,0.057,0,0.075,0,0.387,0
2000-02,1.02,0,2.031,0,1.019,0,1.046,0,1.052,0
2000-03,NA,NA,1.213,0,1.859,0,1.201,0,1.153,0
2000-04,NA,NA,0.02,0,2.005,0,1.158,0,1.156,0
2000-05,NA,NA,1.222,0,1.204,0,1.188,0,1.18,0
2000-06,NA,NA,2.045,0,1.089,0,1.902,0,1.241,0
2000-07,NA,NA,0,0,1.983,0,2.078,0,1.241,0
2000-08,NA,NA,0,0,2.045,0,1.359,0,1.241,0
2000-09,NA,NA,0.978,0,0.978,0,1.158,0,1.255,0
2000-10,NA,NA,0.98,0,1.067,0,1.739,0,1.271,0
2000-11,NA,NA,0.458,0,0.782,0,0.98,0,1.292,0
2000-12,NA,NA,0.328,0,0.451,0,0.47,0,1.657,0
2001-01,NA,NA,-0.545,0,-0.066,0,0.009,0,1.206,0
2001-02,NA,NA,1.589,0,0.638,0,0.715,0,0.982,0
2001-03,NA,NA,1.973,0,1.281,0,1.079,0,1.143,0
2001-04,NA,NA,0.285,0,1.939,0,1.025,0,1.157,0
2001-05,NA,NA,-0.662,0,1.919,0,1.032,0,1.117,0
2001-06,NA,NA,0.797,0,0.191,0,1.26,0,1.084,0
2001-07,NA,NA,0,0,0.098,0,1.918,0,1.084,0
2001-08,NA,NA,0,0,0.797,0,1.916,0,1.084,0
2001-09,NA,NA,-0.236,0,-0.236,0,0.074,0,1.064,0
2001-10,NA,NA,0.196,0,0.08,0,0,0,1.006,0
2001-11,NA,NA,1.582,0,1.564,0,1.567,0,1.271,0
2001-12,NA,NA,1.3,0,1.593,0,1.594,0,1.854,0
2002-01,NA,NA,-0.971,0,0.806,0,0.804,0,1.67,0
2002-02,NA,NA,-1.147,1,0.055,0,0.385,0,0.829,0
2002-03,NA,NA,-0.67,0,-1.679,1,0.238,0,0.229,0
2002-04,NA,NA,0.715,0,-1.017,1,0.273,0,0.255,0
2002-05,NA,NA,-0.121,0,-0.44,0,-0.084,0,0.262,0
2002-06,NA,NA,1.6,0,1.01,0,-1.429,1,0.285,0
2002-07,NA,NA,0,0,0.988,0,-0.894,0,0.285,0
2002-08,NA,NA,0,0,1.6,0,-0.223,0,0.285,0
2002-09,NA,NA,0.275,0,0.275,0,0.947,0,0.292,0
2002-10,NA,NA,1.676,0,1.63,0,1.86,0,0.428,0
2002-11,NA,NA,0.041,0,0.687,0,0.823,0,0.075,0
2002-12,NA,NA,-1.111,1,-0.633,0,-0.64,0,-1.495,1
2003-01,NA,NA,-0.926,0,-1.22,1,-1.017,1,-1.384,1
2003-02,NA,NA,-0.243,0,-1.489,1,-1.125,1,-1.201,1
2003-03,NA,NA,1.325,0,-0.344,0,-0.72,0,-0.642,0
2003-04,NA,NA,-1.339,1,0.246,0,-0.963,0,-0.762,0
2003-05,NA,NA,0.774,0,1.066,0,-1.03,1,-0.733,0
2003-06,NA,NA,1.548,0,-0.152,0,-0.367,0,-0.737,0
2003-07,NA,NA,0,0,1.384,0,0.326,0,-0.737,0
2003-08,NA,NA,0,0,1.548,0,1.165,0,-0.737,0
2003-09,NA,NA,1.281,0,1.281,0,0.139,0,-0.712,0
2003-10,NA,NA,1.483,0,1.597,0,1.974,0,-0.721,0
2003-11,NA,NA,-0.158,0,0.502,0,0.642,0,-0.808,0
2003-12,NA,NA,-0.897,0,-0.616,0,-0.586,0,-0.719,0
2004-01,NA,NA,0.162,0,-0.578,0,-0.418,0,-0.236,0
2004-02,NA,NA,-0.217,0,-0.733,0,-0.565,0,-0.276,0
2004-03,NA,NA,1.945,0,0.551,0,-0.046,0,-0.049,0
2004-04,NA,NA,0.277,0,0.739,0,-0.157,0,0.023,0
2004-05,NA,NA,-0.589,0,1.891,0,-0.127,0,-0.004,0
2004-06,NA,NA,0.342,0,0.038,0,0.525,0,-0.038,0
2004-07,NA,NA,0,0,-0.219,0,0.705,0,-0.038,0
2004-08,0.03,0,0,0,0.342,0,1.856,0,-0.038,0
2004-09,0.13,0,-0.903,0,-0.903,0,-0.112,0,-0.067,0
2004-10,0.11,0,0.015,0,-0.142,0,-0.341,0,-0.192,0
2004-11,0.09,0,-1.054,1,-1.181,1,-1.115,1,-0.365,0
2004-12,0.18,0,0.054,0,-0.356,0,-0.382,0,0.088,0
2005-01,0.33,0,-0.362,0,-0.504,0,-0.562,0,-0.119,0
2005-02,0.45,0,-1.102,1,-0.767,0,-0.983,0,-0.402,0
2005-03,0.2,0,-1.313,1,-1.346,1,-1.179,1,-1.187,1
2005-04,0.25,0,-0.518,0,-1.463,1,-1.193,1,-1.246,1
2005-05,0.16,0,-0.473,0,-1.432,1,-1.067,1,-1.234,1
2005-06,0.09,0,0.756,0,-0.456,0,-1.356,1,-1.224,1
2005-07,0.11,0,0,0,0.153,0,-1.4,1,-1.224,1
2005-08,0.05,0,0,0,0.756,0,-1.266,1,-1.224,1
2005-09,0.02,0,-0.238,0,-0.238,0,-0.542,0,-1.216,1
2005-10,0.01,1,-0.733,0,-0.847,0,-0.79,0,-1.249,1
2005-11,0,1,-0.128,0,-0.516,0,-0.43,0,-1.119,1
2005-12,0.37,0,1.301,0,1.057,0,1.052,0,-0.12,0
2006-01,0.88,0,0.067,0,0.774,0,0.716,0,0.069,0
2006-02,0.36,0,-0.444,0,0.618,0,0.452,0,0.197,0
2006-03,0.65,0,1.121,0,0.03,0,0.628,0,0.583,0
2006-04,0.57,0,-0.982,0,0.039,0,0.629,0,0.567,0
2006-05,0.23,0,0.656,0,0.881,0,0.737,0,0.584,0
2006-06,0.24,0,-0.434,0,-0.812,0,-0.058,0,0.563,0
2006-07,0.16,0,0,0,0.148,0,0.032,0,0.563,0
2006-08,0.09,0,0,0,-0.434,0,0.814,0,0.563,0
2006-09,0.08,0,-0.903,0,-0.903,0,-0.93,0,0.559,0
2006-10,0.04,0,-0.42,0,-0.585,0,-0.576,0,0.576,0
2006-11,0.01,1,-0.623,0,-0.946,0,-0.976,0,0.511,0
2006-12,0.02,0,-1.649,1,-1.667,1,-1.708,1,-1.067,1
2007-01,0.04,0,0.028,0,-1.085,1,-1.194,1,-1.017,1
2007-02,0.08,0,0.947,0,-0.424,0,-0.616,0,-0.43,0
2007-03,0.25,0,-0.931,0,0.261,0,-0.772,0,-0.846,0
2007-04,0.32,0,0.557,0,0.512,0,-0.685,0,-0.756,0
2007-05,0.08,0,-1.185,1,-0.789,0,-0.615,0,-0.789,0
2007-06,0.07,0,0.783,0,0.338,0,0.268,0,-0.763,0
2007-07,0.09,0,0,0,-0.127,0,0.483,0,-0.763,0
2007-08,0.06,0,0,0,0.783,0,-0.678,0,-0.763,0
2007-09,0.03,0,-0.903,0,-0.903,0,0.176,0,-0.76,0
2007-10,0,1,-0.703,0,-0.873,0,-0.956,0,-0.759,0
2007-11,0.01,1,1.475,0,1.227,0,1.239,0,-0.283,0
2007-12,0.03,0,1.877,0,2.053,0,2.056,0,1.56,0
2008-01,4.71,0,1.606,0,2.189,0,2.203,0,2.135,0
2008-02,2.18,0,-1.362,1,1.701,0,1.792,0,1.68,0
2008-03,1.05,0,-0.449,0,0.565,0,1.65,0,1.653,0
2008-04,0.47,0,-1.982,1,-1.446,1,1.619,0,1.576,0
2008-05,0.5,0,0.414,0,-0.933,0,1.484,0,1.586,0
2008-06,0.51,0,0.635,0,-1.131,1,0.455,0,1.584,0
2008-07,0.21,0,0,0,0.553,0,-1.335,1,1.584,0
2008-08,0.17,0,0,0,0.635,0,-0.834,0,1.584,0
2008-09,0.08,0,-0.903,0,-0.903,0,-1.237,1,1.579,0
2008-10,0.03,0,-0.728,0,-0.898,0,-0.607,0,1.568,0
2008-11,0.02,0,-0.361,0,-0.778,0,-0.694,0,1.3,0
2008-12,0.01,1,1.481,0,1.195,0,1.188,0,1.031,0
2009-01,0.6,0,0.487,0,1.056,0,1.009,0,0.38,0
2009-02,0.59,0,-0.103,0,1.053,0,0.836,0,0.658,0
2009-03,1.34,0,0.656,0,0.301,0,0.886,0,0.812,0
2009-04,1.07,0,0.22,0,0.126,0,0.932,0,0.887,0
2009-05,0.53,0,0.947,0,0.666,0,1.099,0,0.893,0
2009-06,0.4,0,0.904,0,0.644,0,0.337,0,0.899,0
2009-07,0.29,0,0,0,1.053,0,0.183,0,0.899,0
2009-08,0.23,0,0,0,0.904,0,0.709,0,0.899,0
2009-09,0.13,0,2.052,0,2.052,0,1.057,0,0.937,0
2009-10,0.07,0,-0.058,0,0.439,0,0.748,0,0.966,0
2009-11,0.06,0,0.783,0,0.844,0,0.884,0,1.189,0
2009-12,0.01,1,-0.489,0,-0.221,0,-0.158,0,0.07,0
2010-01,0.04,0,-1.363,1,-0.793,0,-0.791,0,-0.615,0
2010-02,0.06,0,0.116,0,-1.086,1,-0.76,0,-0.596,0
2010-03,0.71,0,-0.28,0,-0.978,0,-0.868,0,-0.773,0
2010-04,0.72,0,1.054,0,0.031,0,-0.763,0,-0.71,0
2010-05,0.49,0,0.751,0,0.082,0,-1.024,1,-0.711,0
2010-06,0.28,0,-0.455,0,0.945,0,-0.826,0,-0.745,0
2010-07,0.25,0,0,0,0.211,0,0.028,0,-0.745,0
2010-08,0.14,0,0,0,-0.455,0,0.025,0,-0.745,0
2010-09,0.07,0,0.822,0,0.822,0,0.994,0,-0.775,0
2010-10,0.06,0,-1.328,1,-1.005,0,-0.881,0,-0.832,0
2010-11,0.04,0,-0.044,0,-0.47,0,-0.515,0,-1.1,1
2010-12,0.54,0,0.532,0,0.265,0,0.278,0,-0.444,0
2011-01,0.58,0,1.694,0,1.148,0,1.101,0,0.931,0
2011-02,0.98,0,-1.463,1,0.807,0,0.642,0,0.604,0
2011-03,0.59,0,-0.688,0,0.59,0,0.473,0,0.53,0
2011-04,0.52,0,-0.321,0,-1.402,1,0.524,0,0.454,0
2011-05,0.41,0,-1.102,1,-0.928,0,0.58,0,0.42,0
2011-06,0.25,0,-0.528,0,-0.896,0,0.495,0,0.419,0
2011-07,0.25,0,0,0,-1.116,1,-1.461,1,0.419,0
2011-08,0.14,0,0,0,-0.528,0,-0.969,0,0.419,0
2011-09,0.08,0,-0.903,0,-0.903,0,-1.01,1,0.4,0
2011-10,0.07,0,-0.097,0,-0.257,0,-0.779,0,0.459,0
2011-11,0.05,0,0.343,0,0.157,0,0.093,0,0.538,0
2011-12,0.12,0,0.566,0,0.503,0,0.488,0,0.586,0
2012-01,0.39,0,-1.256,1,-0.157,0,-0.216,0,-0.867,0
2012-02,0.26,0,-0.05,0,-0.345,0,-0.312,0,-0.55,0
2012-03,0.23,0,-0.094,0,-0.99,0,-0.347,0,-0.424,0
2012-04,0.21,0,-0.289,0,-0.209,0,-0.343,0,-0.425,0
2012-05,0.08,0,-1.074,1,-0.37,0,-0.454,0,-0.421,0
2012-06,0.09,0,-1.742,1,-1.068,1,-1.083,1,-0.434,0
2012-07,0.07,0,0,0,-1.714,1,-0.304,0,-0.434,0
2012-08,0.03,0,0,0,-1.742,1,-0.483,0,-0.434,0
2012-09,0.02,0,1.225,0,1.225,0,-0.652,0,-0.401,0
2012-10,0,1,1.015,0,1.149,0,0.649,0,-0.291,0
2012-11,0,1,-2.264,1,-1.298,1,-1.397,1,-0.733,0
2012-12,0,1,-0.267,0,-0.753,0,-0.725,0,-1.323,1
2013-01,0.14,0,0.858,0,-0.139,0,-0.054,0,-0.258,0
2013-02,1.33,0,-0.884,0,-0.157,0,-0.424,0,-0.572,0
2013-03,0.51,0,-1.1,1,-0.133,0,-0.637,0,-0.693,0
2013-04,0.46,0,0.32,0,-1.086,1,-0.698,0,-0.657,0
2013-05,0.28,0,1.332,0,-0.668,0,-0.333,0,-0.596,0
2013-06,0.18,0,0.94,0,0.881,0,-0.052,0,-0.553,0
2013-07,0.16,0,0,0,1.323,0,-0.913,0,-0.553,0
2013-08,NA,NA,0,0,0.94,0,-0.542,0,-0.553,0
2013-09,NA,NA,0.813,0,0.813,0,0.934,0,-0.56,0
2013-10,NA,NA,0.619,0,0.695,0,1.101,0,-0.585,0
2013-11,NA,NA,-0.036,0,0.15,0,0.226,0,-0.294,0
2013-12,NA,NA,0.234,0,0.167,0,0.18,0,-0.003,0
2014-01,NA,NA,0.698,0,0.368,0,0.406,0,-0.082,0
2014-02,NA,NA,0.254,0,0.419,0,0.384,0,0.237,0
2014-03,NA,NA,0.543,0,0.596,0,0.418,0,0.471,0
2014-04,NA,NA,1.452,0,0.483,0,0.471,0,0.546,0
2014-05,NA,NA,0.862,0,0.901,0,0.558,0,0.53,0
2014-06,NA,NA,0.799,0,1.628,0,0.725,0,0.527,0
2014-07,NA,NA,0,0,0.935,0,0.519,0,0.527,0
2014-08,NA,NA,0,0,0.799,0,0.925,0,0.527,0
2014-09,NA,NA,-0.167,0,-0.167,0,1.456,0,0.511,0
2014-10,NA,NA,-1.037,1,-1.119,1,-0.527,0,0.421,0
2014-11,NA,NA,-0.506,0,-0.995,0,-0.873,0,0.349,0
2014-12,NA,NA,1.353,0,1.012,0,1.008,0,1.09,0
2015-01,0.1,0,-1.295,1,0.312,0,0.219,0,0.39,0
2015-02,0.5,0,-0.512,0,0.173,0,-0.055,0,0.129,0
2015-03,0.12,0,-0.135,0,-1.335,1,-0.113,0,-0.003,0
2015-04,0.73,0,1.781,0,-0.222,0,0.083,0,0.025,0
2015-05,0.33,0,-0.557,0,0.35,0,0.197,0,-0.004,0
2015-06,0.31,0,0.123,0,1.455,0,-1.057,1,-0.02,0
2015-07,0.25,0,0,0,-0.359,0,-0.255,0,-0.02,0
2015-08,0.16,0,0,0,0.123,0,0.329,0,-0.02,0
2015-09,0.08,0,1.436,0,1.436,0,1.591,0,0.009,0
2015-10,0.02,0,-1.211,1,-0.658,0,-0.881,0,0.011,0
2015-11,0,1,-1.279,1,-1.623,1,-1.562,1,-0.114,0
2015-12,0.02,0,-1.028,1,-1.566,1,-1.516,1,-1.798,1
2016-01,0.01,1,-0.725,0,-1.434,1,-1.557,1,-1.471,1
2016-02,0,1,-0.688,0,-1.56,1,-1.805,1,-1.667,1
2016-03,0,1,0.702,0,-0.757,0,-1.549,1,-1.352,1
2016-04,0.11,0,1.657,0,0.019,0,-1.272,1,-1.372,1
2016-05,0.08,0,0.257,0,1.051,0,-1.091,1,-1.342,1
2016-06,0.07,0,0.449,0,1.57,0,-0.532,0,-1.336,1
2016-07,0.03,0,0,0,0.338,0,0.026,0,-1.336,1
2016-08,0.01,1,0,0,0.449,0,1.04,0,-1.336,1
2016-09,0,1,-0.903,0,-0.903,0,1.36,0,-1.375,1
2016-10,0,1,-0.67,0,-0.84,0,-0.684,0,-1.318,1
2016-11,0,1,0.74,0,0.422,0,0.43,0,-0.92,0
2016-12,0.01,1,1.604,0,1.583,0,1.581,0,0.739,0
2017-01,2.25,0,1.752,0,1.955,0,1.957,0,1.731,0
2017-02,2.9,0,1.105,0,2.222,0,2.157,0,2.334,0
2017-03,2.62,0,0.782,0,1.886,0,2.171,0,2.245,0
2017-04,1.12,0,-0.016,0,1.066,0,2.185,0,2.171,0
2017-05,0.72,0,1.4,0,0.789,0,2.255,0,2.177,0
2017-06,0.65,0,0.542,0,0.524,0,1.888,0,2.18,0
2017-07,0.47,0,0,0,1.151,0,1.104,0,2.18,0
2017-08,0.23,0,0,0,0.542,0,0.792,0,2.18,0
2017-09,0.1,0,-0.903,0,-0.903,0,0.355,0,2.173,0
2017-10,0.06,0,0.322,0,0.169,0,0.561,0,2.198,0
2017-11,0.14,0,0.512,0,0.474,0,0.489,0,2.243,0
2017-12,0.19,0,-0.596,0,-0.361,0,-0.387,0,1.223,0
2018-01,0.33,0,-1.418,1,-0.969,0,-0.999,0,-0.159,0
2018-02,0.3,0,1.576,0,-0.124,0,-0.041,0,0.106,0
2018-03,1.37,0,0.374,0,0.436,0,0.001,0,0.014,0
2018-04,0.56,0,0.666,0,1.399,0,0.028,0,0.054,0
2018-05,0.7,0,0.067,0,0.431,0,-0.06,0,0.021,0
2018-06,0.48,0,0.128,0,0.501,0,0.453,0,0.011,0
2018-07,0.36,0,0,0,0.02,0,1.374,0,0.011,0
2018-08,0.17,0,0,0,0.128,0,0.409,0,0.011,0
2018-09,0.07,0,-0.036,0,-0.036,0,0.412,0,0.017,0
2018-10,0.05,0,-0.726,0,-0.775,0,-0.8,0,-0.039,0
2018-11,0.03,0,-0.036,0,-0.398,0,-0.393,0,-0.169,0
2018-12,0.12,0,-0.744,0,-0.822,0,-0.84,0,-0.214,0
