Year,Month,Precipitation_mm
1989,1,87.446
1989,2,114.58
1989,3,30.274
1989,4,21.794
1989,5,0.915
1989,6,0.628
1989,7,0
1989,8,0
1989,9,0
1989,10,39.695
1989,11,50.858
1989,12,107.499
1990,1,169.873
1990,2,86.432
1990,3,30.852
1990,4,20.846
1990,5,9.263
1990,6,2.437
1990,7,0
1990,8,0
1990,9,0.931
1990,10,13.548
1990,11,47.415
1990,12,118.374
1991,1,39.399
1991,2,79.924
1991,3,50.178
1991,4,4.952
1991,5,10.855
1991,6,0.467
1991,7,0
1991,8,0
1991,9,0.471
1991,10,5.974
1991,11,59.021
1991,12,28.129
1992,1,43.307
1992,2,18.774
1992,3,17.066
1992,4,9.055
1992,5,0.952
1992,6,2.234
1992,7,0
1992,8,0
1992,9,0
1992,10,16.989
1992,11,62.835
1992,12,223.811
1993,1,79.04
1993,2,153.228
1993,3,19.388
1993,4,19.613
1993,5,2.028
1993,6,4.315
1993,7,0
1993,8,0
1993,9,3.036
1993,10,9.295
1993,11,147.181
1993,12,127.859
1994,1,165.399
1994,2,20.875
1994,3,12.091
1994,4,9.121
1994,5,2.231
1994,6,0.539
1994,7,0
1994,8,0
1994,9,0.429
1994,10,42.554
1994,11,14.624
1994,12,155.023
1995,1,61.045
1995,2,61.338
1995,3,17.787
1995,4,7.924
1995,5,8.432
1995,6,0.537
1995,7,0
1995,8,0
1995,9,3.274
1995,10,20.97
1995,11,58.635
1995,12,94.974
1996,1,185.251
1996,2,122.692
1996,3,16.116
1996,4,12.667
1996,5,10.151
1996,6,5.327
1996,7,0
1996,8,0
1996,9,0
1996,10,4.573
1996,11,87.874
1996,12,73.371
1997,1,220.718
1997,2,146.77
1997,3,54.122
1997,4,36.126
1997,5,5.218
1997,6,0.511
1997,7,0
1997,8,0
1997,9,5.41
1997,10,21.552
1997,11,58.079
1997,12,52.341
1998,1,152.194
1998,2,42.596
1998,3,62.529
1998,4,9.18
1998,5,0.935
1998,6,2.436
1998,7,0
1998,8,0
1998,9,1.83
1998,10,34.233
1998,11,131.557
1998,12,158.431
1999,1,171.637
1999,2,134.945
1999,3,55.883
1999,4,16.469
1999,5,3.397
1999,6,0.701
1999,7,0
1999,8,0
1999,9,0
1999,10,25.245
1999,11,83.7
1999,12,93.503
2000,1,151.308
2000,2,248.297
2000,3,83.265
2000,4,16.581
2000,5,9.497
2000,6,12.443
2000,7,0
2000,8,0
2000,9,3.564
2000,10,29.518
2000,11,79.765
2000,12,156.291
2001,1,75.844
2001,2,199.152
2001,3,121.192
2001,4,18.919
2001,5,3.135
2001,6,6.071
2001,7,0
2001,8,0
2001,9,0.427
2001,10,19.147
2001,11,123.544
2001,12,262.801
2002,1,55.887
2002,2,28.144
2002,3,24.55
2002,4,23.169
2002,5,4.501
2002,6,9.846
2002,7,0
2002,8,0
2002,9,1.653
2002,10,41.271
2002,11,66.562
2002,12,58.612
2003,1,57.825
2003,2,62.032
2003,3,88.311
2003,4,7.591
2003,5,7.559
2003,6,9.567
2003,7,0
2003,8,0
2003,9,4.547
2003,10,37.753
2003,11,60.827
2003,12,69.157
2004,1,118.965
2004,2,63.281
2004,3,119.623
2004,4,18.849
2004,5,3.299
2004,6,4.425
2004,7,0
2004,8,0
2004,9,0
2004,10,17.158
2004,11,39.087
2004,12,132.561
2005,1,85.744
2005,2,29.41
2005,3,14.151
2005,4,12.445
2005,5,3.573
2005,6,5.908
2005,7,0
2005,8,0
2005,9,0.422
2005,10,10.415
2005,11,61.669
2005,12,262.884
2006,1,112.388
2006,2,52.842
2006,3,79.286
2006,4,9.499
2006,5,7.095
2006,6,2.357
2006,7,0
2006,8,0
2006,9,0
2006,10,12.958
2006,11,48.709
2006,12,37.274
2007,1,109.769
2007,2,139.34
2007,3,19.84
2007,4,21.544
2007,5,2.12
2007,6,6.016
2007,7,0
2007,8,0
2007,9,0
2007,10,10.644
2007,11,118.855
2007,12,343.365
2008,1,251.769
2008,2,22.666
2008,3,29.139
2008,4,4.88
2008,5,6.201
2008,6,5.444
2008,7,0
2008,8,0
2008,9,0
2008,10,10.457
2008,11,55.313
2008,12,286.583
2009,1,143.374
2009,2,69.06
2009,3,60.948
2009,4,18.329
2009,5,8.271
2009,6,6.506
2009,7,0
2009,8,0
2009,9,7.561
2009,10,16.392
2009,11,91.142
2009,12,92.945
2010,1,41.157
2010,2,81.069
2010,3,33.004
2010,4,26.931
2010,5,7.464
2010,6,2.313
2010,7,0
2010,8,0
2010,9,3.098
2010,10,6.588
2010,11,64.052
2010,12,175.7
2011,1,261.965
2011,2,20.386
2011,3,24.204
2011,4,13.866
2011,5,2.261
2011,6,2.166
2011,7,0
2011,8,0
2011,9,0
2011,10,15.994
2011,11,75.945
2011,12,179.139
2012,1,44.852
2012,2,71.845
2012,3,37.676
2012,4,14.103
2012,5,2.312
2012,6,0.575
2012,7,0
2012,8,0
2012,9,4.357
2012,10,30.05
2012,11,19.281
2012,12,107.973
2013,1,175.005
2013,2,36.083
2013,3,17.141
2013,4,19.25
2013,5,10.015
2013,6,6.659
2013,7,0
2013,8,0
2013,9,3.07
2013,10,24.37
2013,11,64.297
2013,12,147.886
2014,1,160.862
2014,2,89.348
2014,3,56.968
2014,4,31.815
2014,5,7.915
2014,6,6.078
2014,7,0
2014,8,0
2014,9,0.607
2014,10,8.308
2014,11,51.592
2014,12,269.617
2015,1,43.482
2015,2,49.919
2015,3,36.591
2015,4,36.251
2015,5,3.374
2015,6,3.751
2015,7,0
2015,8,0
2015,9,5.091
2015,10,7.245
2015,11,34.637
2015,12,62.588
2016,1,66.887
2016,2,42.99
2016,3,62.628
2016,4,34.535
2016,5,5.665
2016,6,4.781
2016,7,0
2016,8,0
2016,9,0
2016,10,10.894
2016,11,89.582
2016,12,303.593
2017,1,268.791
2017,2,152.868
2017,3,65.628
2017,4,16.281
2017,5,10.346
2017,6,5.106
2017,7,0
2017,8,0
2017,9,0
2017,10,20.61
2017,11,81.583
2017,12,86.201
2018,1,39.336
2018,2,197.801
2018,3,51.331
2018,4,22.656
2018,5,5.056
2018,6,3.765
2018,7,0
2018,8,0
2018,9,0.923
2018,10,10.471
2018,11,64.293
2018,12,77.482
